Rank,FilmCategory,RentalAmount
1,Comedy,4.658427
2,New,4.629383
3,Sports,4.507388
4,Games,4.418297
5,Horror,4.400165
6,Drama,4.327726
7,Sci-Fi,4.320599
8,Travel,4.240908
9,Foreign,4.134240
10,Music,4.117735
11,Documentary,4.016686
12,Animation,3.993396
13,Action,3.935117
14,Classics,3.876028
15,Children,3.868307
16,Family,3.855903
